"","sos","info","own","fishtech","rank_one","education","wtp_predict","wtp_predict_int"
"1",0,0,"1",0,"corruption","formal",2.49093300238111,4.45726776804709
"2",0,0,"1",0,"corruption","higher",3.82474789649454,5.35130713858733
"3",0,0,"1",0,"corruption","no_formal",0.46258361805227,2.2342641410996
"4",0,0,"1",0,"iuu","formal",1.44762118806031,3.18579649169991
"5",0,0,"1",0,"iuu","higher",2.62403359572002,4.07983586224015
"6",0,0,"1",0,"iuu","no_formal",-0.341364220128155,0.962792864752422
"7",0,0,"1",0,"pollution","formal",0.99208042602775,2.69132092978646
"8",0,0,"1",0,"pollution","higher",2.09976625775807,3.58536030032671
"9",0,0,"1",0,"pollution","no_formal",-0.692391598340637,0.468317302838976
"10",0,0,"1",0,"weather","formal",0.373295677617815,1.7609014706023
"11",0,0,"1",0,"weather","higher",1.38762662096055,2.65494084114254
"12",0,0,"1",0,"weather","no_formal",-1.16921037289563,-0.462102156345189
"13",0,0,"1",1,"corruption","formal",4.12416515433984,5.62420154640928
"14",0,0,"1",1,"corruption","higher",5.70438270405996,6.51824091694952
"15",0,0,"1",1,"corruption","no_formal",1.72110809730278,3.40119791946179
"16",0,0,"1",1,"iuu","formal",2.88811684951422,4.3527302700621
"17",0,0,"1",1,"iuu","higher",4.28185412182742,5.24676964060235
"18",0,0,"1",1,"iuu","no_formal",0.768642737559827,2.12972664311462
"19",0,0,"1",1,"pollution","formal",2.34842164146573,3.85825470814866
"20",0,0,"1",1,"pollution","higher",3.66073611523687,4.7522940786889
"21",0,0,"1",1,"pollution","no_formal",0.352768221589375,1.63525108120117
"22",0,0,"1",1,"weather","formal",1.61532552501663,2.92783524896449
"23",0,0,"1",1,"weather","higher",2.81703916981721,3.82187461950473
"24",0,0,"1",1,"weather","no_formal",-0.212135798386096,0.704831622017004
"25",0,0,"2",0,"corruption","formal",2.37969942797896,4.65619435973626
"26",0,0,"2",0,"corruption","higher",3.69673272243282,5.5502337302765
"27",0,0,"2",0,"corruption","no_formal",0.376870037082321,2.43319073278877
"28",0,0,"2",0,"iuu","formal",1.34951420361101,3.38472308338908
"29",0,0,"2",0,"iuu","higher",2.51112539548956,4.27876245392932
"30",0,0,"2",0,"iuu","no_formal",-0.416962806261066,1.16171945644159
"31",0,0,"2",0,"pollution","formal",0.899704898567563,2.89024752147563
"32",0,0,"2",0,"pollution","higher",1.99345420862706,3.78428689201588
"33",0,0,"2",0,"pollution","no_formal",-0.76357367888742,0.667243894528145
"34",0,0,"2",0,"weather","formal",0.288705486765499,1.95982806229147
"35",0,0,"2",0,"weather","higher",1.29027446749361,2.85386743283171
"36",0,0,"2",0,"weather","no_formal",-1.23439328382745,-0.26317556465602
"37",0,0,"2",1,"corruption","formal",3.992382815453,5.82312813809845
"38",0,0,"2",1,"corruption","higher",5.55271861215666,6.71716750863869
"39",0,0,"2",1,"corruption","no_formal",1.61956019474461,3.60012451115096
"40",0,0,"2",1,"iuu","formal",2.77188604472932,4.55165686175127
"41",0,0,"2",1,"iuu","higher",4.14808779465646,5.44569623229152
"42",0,0,"2",1,"iuu","no_formal",0.679078426148642,2.32865323480378
"43",0,0,"2",1,"pollution","formal",2.23898109592867,4.05718129983783
"44",0,0,"2",1,"pollution","higher",3.53478448092468,4.95122067037807
"45",0,0,"2",1,"pollution","no_formal",0.268436300119578,1.83417767289034
"46",0,0,"2",1,"weather","formal",1.51510854235365,3.12676184065366
"47",0,0,"2",1,"weather","higher",2.70170263992057,4.0208012111939
"48",0,0,"2",1,"weather","no_formal",-0.289360292017779,0.903758213706173
"49",0,0,"3",0,"corruption","formal",1.38582779227469,3.34234256264397
"50",0,0,"3",0,"corruption","higher",2.55291754681233,4.23638193318421
"51",0,0,"3",0,"corruption","no_formal",-0.388980537966955,1.11933893569648
"52",0,0,"3",0,"iuu","formal",0.472928607645913,2.07087128629679
"53",0,0,"3",0,"iuu","higher",1.50229098330239,2.96491065683704
"54",0,0,"3",0,"iuu","no_formal",-1.09243593441214,-0.152132340650694
"55",0,0,"3",0,"pollution","formal",0.0743298526846052,1.57639572438335
"56",0,0,"3",0,"pollution","higher",1.04355638566483,2.47043509492359
"57",0,0,"3",0,"pollution","no_formal",-1.39958534358581,-0.646607902564141
"58",0,0,"3",0,"weather","formal",-0.467107601133455,0.645976265199181
"59",0,0,"3",0,"weather","higher",0.420433283970141,1.54001563573942
"60",0,0,"3",0,"weather","no_formal",-1.81680238697789,-1.57702736174831
"61",0,0,"3",1,"corruption","formal",2.81490803402702,4.50927634100617
"62",0,0,"3",1,"corruption","higher",4.19760043036945,5.40331571154641
"63",0,0,"3",1,"corruption","no_formal",0.712230006352522,2.28627271405868
"64",0,0,"3",1,"iuu","formal",1.73336417135,3.23780506465899
"65",0,0,"3",1,"iuu","higher",2.9528860841827,4.13184443519923
"66",0,0,"3",1,"iuu","no_formal",-0.121178413221974,1.0148014377115
"67",0,0,"3",1,"pollution","formal",1.26113016746665,2.74332950274554
"68",0,0,"3",1,"pollution","higher",2.40940702644396,3.63736887328578
"69",0,0,"3",1,"pollution","no_formal",-0.485069151662877,0.520325875798053
"70",0,0,"3",1,"weather","formal",0.619670119018338,1.81291004356137
"71",0,0,"3",1,"weather","higher",1.6711711098414,2.70694941410162
"72",0,0,"3",1,"weather","no_formal",-0.979360898531334,-0.410093583386112
"73",0,0,"4",0,"corruption","formal",1.30627127457264,3.67287204571587
"74",0,0,"4",0,"corruption","higher",2.46135848727378,4.56691141625611
"75",0,0,"4",0,"corruption","no_formal",-0.450284636647519,1.44986841876838
"76",0,0,"4",0,"iuu","formal",0.402760494403264,2.40140076936869
"77",0,0,"4",0,"iuu","higher",1.42153673910392,3.29544013990893
"78",0,0,"4",0,"iuu","no_formal",-1.14650558279175,0.178397142421199
"79",0,0,"4",0,"pollution","formal",0.00826099420260995,1.90692520745524
"80",0,0,"4",0,"pollution","higher",0.967519843064358,2.80096457799548
"81",0,0,"4",0,"pollution","no_formal",-1.45049621722739,-0.316078419492247
"82",0,0,"4",0,"weather","formal",-0.527608228323868,0.976505748271075
"83",0,0,"4",0,"weather","higher",0.350805041218332,1.87054511881132
"84",0,0,"4",0,"weather","no_formal",-1.86342253233679,-1.24649787867641
"85",0,0,"4",1,"corruption","formal",2.72065462148663,4.83980582407806
"86",0,0,"4",1,"corruption","higher",4.08912718317659,5.7338451946183
"87",0,0,"4",1,"corruption","no_formal",0.639600878403555,2.61680219713057
"88",0,0,"4",1,"iuu","formal",1.65023353270881,3.56833454773088
"89",0,0,"4",1,"iuu","higher",2.85721368281727,4.46237391827112
"90",0,0,"4",1,"iuu","no_formal",-0.185236632734854,1.34533092078339
"91",0,0,"4",1,"pollution","formal",1.18285606052423,3.07385898581743
"92",0,0,"4",1,"pollution","higher",2.3193238525586,3.96789835635768
"93",0,0,"4",1,"pollution","no_formal",-0.545385059331215,0.850855358869947
"94",0,0,"4",1,"weather","formal",0.547992892082802,2.14343952663327
"95",0,0,"4",1,"weather","higher",1.58868007481235,3.03747889717351
"96",0,0,"4",1,"weather","no_formal",-1.03459342906594,-0.0795641003142185
"97",0,1,"1",0,"corruption","formal",2.08787709409331,4.06886694452836
"98",0,1,"1",0,"corruption","higher",3.36088370321127,4.96290631506861
"99",0,1,"1",0,"corruption","no_formal",0.151999647195224,1.84586331758088
"100",0,1,"1",0,"iuu","formal",1.0921296025465,2.79739566818119
"101",0,1,"1",0,"iuu","higher",2.21490966491385,3.69143503872143
"102",0,1,"1",0,"iuu","no_formal",-0.615296411580634,0.574392041233699
"103",0,1,"1",0,"pollution","formal",0.657356829090904,2.30292010626774
"104",0,1,"1",0,"pollution","higher",1.71454354281124,3.19695947680798
"105",0,1,"1",0,"pollution","no_formal",-0.950320540054519,0.0799164793202527
"106",0,1,"1",0,"weather","formal",0.06678232147092,1.37250064708357
"107",0,1,"1",0,"weather","higher",1.03487017264642,2.26654001762382
"108",0,1,"1",0,"weather","no_formal",-1.4054012668022,-0.850502979863912
"109",0,1,"1",1,"corruption","formal",3.6466506037034,5.23580072289056
"110",0,1,"1",1,"corruption","higher",5.15482643343501,6.1298400934308
"111",0,1,"1",1,"corruption","no_formal",1.35314831249599,3.01279709594307
"112",0,1,"1",1,"iuu","formal",2.46695342969791,3.96432944654338
"113",0,1,"1",1,"iuu","higher",3.79715057088971,4.85836881708362
"114",0,1,"1",1,"iuu","no_formal",0.444105608549713,1.74132581959589
"115",0,1,"1",1,"pollution","formal",1.95186279021927,3.46985388462993
"116",0,1,"1",1,"pollution","higher",3.20434917774175,4.36389325517018
"117",0,1,"1",1,"pollution","no_formal",0.0471907069913451,1.24685025768245
"118",0,1,"1",1,"weather","formal",1.25218834103063,2.53943442544577
"119",0,1,"1",1,"weather","higher",2.39911616351172,3.43347379598601
"120",0,1,"1",1,"weather","no_formal",-0.491959481029362,0.316430798498281
"121",0,1,"2",0,"corruption","formal",1.98171463032515,4.26779353621753
"122",0,1,"2",0,"corruption","higher",3.23870470868424,5.16183290675778
"123",0,1,"2",0,"corruption","no_formal",0.0701937267879256,2.04478990927005
"124",0,1,"2",0,"iuu","formal",0.998495290802213,2.99632225987036
"125",0,1,"2",0,"iuu","higher",2.107148921087,3.8903616304106
"126",0,1,"2",0,"iuu","no_formal",-0.68744847721725,0.773318632922868
"127",0,1,"2",0,"pollution","formal",0.569192678655518,2.50184669795691
"128",0,1,"2",0,"pollution","higher",1.61307823321699,3.39588606849715
"129",0,1,"2",0,"pollution","no_formal",-1.01825744748203,0.278843071009422
"130",0,1,"2",0,"weather","formal",-0.0139514238911929,1.57142723877274
"131",0,1,"2",0,"weather","higher",0.941956279330179,2.46546660931299
"132",0,1,"2",0,"weather","no_formal",-1.46761250524613,-0.651576388174743
"133",0,1,"2",1,"corruption","formal",3.52087618844657,5.43472731457973
"134",0,1,"2",1,"corruption","higher",5.01007666927294,6.32876668511997
"135",0,1,"2",1,"corruption","no_formal",1.25622995323255,3.21172368763224
"136",0,1,"2",1,"iuu","formal",2.35602155802119,4.16325603823255
"137",0,1,"2",1,"iuu","higher",3.6694826168748,5.05729540877279
"138",0,1,"2",1,"iuu","no_formal",0.358624511531883,1.94025241128506
"139",0,1,"2",1,"pollution","formal",1.84741161158195,3.6687804763191
"140",0,1,"2",1,"pollution","higher",3.08413964670693,4.56281984685935
"141",0,1,"2",1,"pollution","no_formal",-0.0332965434243304,1.44577684937162
"142",0,1,"2",1,"weather","formal",1.15654022535965,2.73836101713494
"143",0,1,"2",1,"weather","higher",2.28903779695641,3.63240038767518
"144",0,1,"2",1,"weather","no_formal",-0.565663329451495,0.51535739018745
"145",0,1,"3",0,"corruption","formal",1.03315335210718,2.95394173912525
"146",0,1,"3",0,"corruption","higher",2.14703577875964,3.84798110966549
"147",0,1,"3",0,"corruption","no_formal",-0.660741913485113,0.730938112177762
"148",0,1,"3",0,"iuu","formal",0.1618730113195,1.68247046277807
"149",0,1,"3",0,"iuu","higher",1.14430701559642,2.57650983331831
"150",0,1,"3",0,"iuu","no_formal",-1.33212695562744,-0.540533164169417
"151",0,1,"3",0,"pollution","formal",-0.21855372682186,1.18799490086462
"152",0,1,"3",0,"pollution","higher",0.706486012696436,2.08203427140487
"153",0,1,"3",0,"pollution","no_formal",-1.62527350061685,-1.03500872608286
"154",0,1,"3",0,"weather","formal",-0.735307183524355,0.257575441680459
"155",0,1,"3",0,"weather","higher",0.111770936224991,1.1516148122207
"156",0,1,"3",0,"weather","no_formal",-2.02346972410991,-1.96542818526703
"157",0,1,"3",1,"corruption","formal",2.39708218566532,4.12087551748744
"158",0,1,"3",1,"corruption","higher",3.71673798399932,5.01491488802769
"159",0,1,"3",1,"corruption","no_formal",0.390264719546127,1.89787189053996
"160",0,1,"3",1,"iuu","formal",1.36484563521507,2.84940424114026
"161",0,1,"3",1,"iuu","higher",2.52876985127513,3.74344361168051
"162",0,1,"3",1,"iuu","no_formal",-0.405148820140032,0.626400614192776
"163",0,1,"3",1,"pollution","formal",0.914140660599132,2.35492867922682
"164",0,1,"3",1,"pollution","higher",2.01006786686035,3.24896804976706
"165",0,1,"3",1,"pollution","no_formal",-0.752449871490183,0.13192505227933
"166",0,1,"3",1,"weather","formal",0.301924614156953,1.42450922004265
"167",0,1,"3",1,"weather","higher",1.30548793971238,2.3185485905829
"168",0,1,"3",1,"weather","no_formal",-1.22420698214552,-0.798494406904835
"169",0,1,"4",0,"corruption","formal",0.957223796004543,3.28447122219714
"170",0,1,"4",0,"corruption","higher",2.05965087367904,4.17851059273739
"171",0,1,"4",0,"corruption","no_formal",-0.719251173751134,1.06146759524966
"172",0,1,"4",0,"iuu","formal",0.0949038446821717,2.01299994584996
"173",0,1,"4",0,"iuu","higher",1.06723433704659,2.90703931639021
"174",0,1,"4",0,"iuu","no_formal",-1.38373158235916,-0.210003681097524
"175",0,1,"4",0,"pollution","formal",-0.281610522690347,1.51852438393652
"176",0,1,"4",0,"pollution","higher",0.63391595691728,2.41256375447676
"177",0,1,"4",0,"pollution","no_formal",-1.67386336035505,-0.70447924301097
"178",0,1,"4",0,"weather","formal",-0.793049602363043,0.588104924752352
"179",0,1,"4",0,"weather","higher",0.0453170275188377,1.4821442952926
"180",0,1,"4",0,"weather","no_formal",-2.06796446878688,-1.63489870219514
"181",0,1,"4",1,"corruption","formal",2.30712576245744,4.45140500055934
"182",0,1,"4",1,"corruption","higher",3.61321000481839,5.34544437109958
"183",0,1,"4",1,"corruption","no_formal",0.320946735242941,2.22840137361185
"184",0,1,"4",1,"iuu","formal",1.28550490144648,3.17993372421216
"185",0,1,"4",1,"iuu","higher",2.43745913058525,4.0739730947524
"186",0,1,"4",1,"iuu","no_formal",-0.46628664156347,0.95693009726467
"187",0,1,"4",1,"pollution","formal",0.839435050472672,2.68545816229871
"188",0,1,"4",1,"pollution","higher",1.92409156217782,3.57949753283895
"189",0,1,"4",1,"pollution","no_formal",-0.810015992123271,0.462454535351223
"190",0,1,"4",1,"weather","formal",0.233515133939809,1.75503870311455
"191",0,1,"4",1,"weather","higher",1.22675765018839,2.64907807365479
"192",0,1,"4",1,"weather","no_formal",-1.27692147552775,-0.467964923832942
"193",1,0,"1",0,"corruption","formal",4.0997114227226,5.644592119257
"194",1,0,"1",0,"corruption","higher",5.67623968405665,6.53863148979724
"195",1,0,"1",0,"corruption","no_formal",1.70226471376272,3.42158849230951
"196",1,0,"1",0,"iuu","formal",2.86654888426278,4.37312084290982
"197",1,0,"1",0,"iuu","higher",4.25703223832093,5.26716021345006
"198",1,0,"1",0,"iuu","no_formal",0.752023047453912,2.15011721596233
"199",1,0,"1",0,"pollution","formal",2.3281136870675,3.87864528099637
"200",1,0,"1",0,"pollution","higher",3.63736433804549,4.77268465153662
"201",1,0,"1",0,"pollution","no_formal",0.337119461734237,1.65564165404889
"202",1,0,"1",0,"weather","formal",1.59672910900042,2.94822582181221
"203",1,0,"1",0,"weather","higher",2.79563714757675,3.84226519235245
"204",1,0,"1",0,"weather","no_formal",-0.226465693101107,0.725222194864721
"205",1,0,"1",1,"corruption","formal",6.03014169175466,6.81152589761919
"206",1,0,"1",1,"corruption","higher",7.89791032830577,7.70556526815944
"207",1,0,"1",1,"corruption","no_formal",3.18980201588435,4.5885222706717
"208",1,0,"1",1,"iuu","formal",4.56917053786237,5.54005462127201
"209",1,0,"1",1,"iuu","higher",6.2165252108186,6.43409399181226
"210",1,0,"1",1,"iuu","no_formal",2.06401719806332,3.31705099432453
"211",1,0,"1",1,"pollution","formal",3.93126736872694,5.04557905935857
"212",1,0,"1",1,"pollution","higher",5.482382793205,5.93961842989881
"213",1,0,"1",1,"pollution","no_formal",1.57246628609676,2.82257543241108
"214",1,0,"1",1,"weather","formal",3.06477026260155,4.1151596001744
"215",1,0,"1",1,"weather","higher",4.48515890229965,5.00919897071465
"216",1,0,"1",1,"weather","no_formal",0.904767075087049,1.89215597322691
"217",1,0,"2",0,"corruption","formal",3.96823675226561,5.84351871094617
"218",1,0,"2",0,"corruption","higher",5.52492967793916,6.73755808148641
"219",1,0,"2",0,"corruption","no_formal",1.60095389216698,3.62051508399868
"220",1,0,"2",0,"iuu","formal",2.75058944018911,4.57204743459899
"221",1,0,"2",0,"iuu","higher",4.1235782115401,5.46608680513923
"222",1,0,"2",0,"iuu","no_formal",0.662667839260163,2.3490438076515
"223",1,0,"2",0,"pollution","formal",2.21892864921903,4.07757187268554
"224",1,0,"2",0,"pollution","higher",3.51170675938516,4.97161124322579
"225",1,0,"2",0,"pollution","no_formal",0.252984427571831,1.85456824573806
"226",1,0,"2",0,"weather","formal",1.49674610003952,3.14715241350138
"227",1,0,"2",0,"weather","higher",2.68056989055353,4.04119178404162
"228",1,0,"2",0,"weather","no_formal",-0.303509892932404,0.92414878655389
"229",1,0,"2",1,"corruption","formal",5.87437901245282,7.01045248930836
"230",1,0,"2",1,"corruption","higher",7.7186480272396,7.9044918598486
"231",1,0,"2",1,"corruption","no_formal",3.06977551223028,4.78744886236087
"232",1,0,"2",1,"iuu","formal",4.43178929449067,5.73898121296118
"233",1,0,"2",1,"iuu","higher",6.05841751826651,6.63302058350143
"234",1,0,"2",1,"iuu","no_formal",1.95815493129015,3.5159775860137
"235",1,0,"2",1,"pollution","formal",3.80191200334868,5.24450565104774
"236",1,0,"2",1,"pollution","higher",5.33351182772792,6.13854502158798
"237",1,0,"2",1,"pollution","no_formal",1.47278854361803,3.02150202410025
"238",1,0,"2",1,"weather","formal",2.94631686540894,4.31408619186357
"239",1,0,"2",1,"weather","higher",4.34883466439473,5.20812556240381
"240",1,0,"2",1,"weather","no_formal",0.813490094139492,2.09108256491608
"241",1,0,"3",0,"corruption","formal",2.79351098728789,4.52966691385388
"242",1,0,"3",0,"corruption","higher",4.17297525152899,5.42370628439413
"243",1,0,"3",0,"corruption","no_formal",0.695742021424866,2.3066632869064
"244",1,0,"3",0,"iuu","formal",1.71449217390698,3.2581956375067
"245",1,0,"3",0,"iuu","higher",2.93116690406513,4.15223500804695
"246",1,0,"3",0,"iuu","no_formal",-0.135720663523574,1.03519201055922
"247",1,0,"3",0,"pollution","formal",1.24336068114706,2.76372007559326
"248",1,0,"3",0,"pollution","higher",2.38895669122445,3.6577594461335
"249",1,0,"3",0,"pollution","no_formal",-0.498761836741408,0.54071644864577
"250",1,0,"3",0,"weather","formal",0.60339823099292,1.83330061640909
"251",1,0,"3",0,"weather","higher",1.65244431274724,2.72733998694934
"252",1,0,"3",0,"weather","no_formal",-0.991899574909368,-0.389703010538395
"253",1,0,"3",1,"corruption","formal",4.48263996521415,5.69660069221608
"254",1,0,"3",1,"corruption","higher",6.11693993381245,6.59064006275632
"255",1,0,"3",1,"corruption","no_formal",1.99733908145219,3.47359706526859
"256",1,0,"3",1,"iuu","formal",3.20428831918904,4.4251294158689
"257",1,0,"3",1,"iuu","higher",4.64572578504883,5.31916878640914
"258",1,0,"3",1,"iuu","no_formal",1.01227591227364,2.20212578892141
"259",1,0,"3",1,"pollution","formal",2.64612222255095,3.93065385395545
"260",1,0,"3",1,"pollution","higher",4.00335022173063,4.82469322449569
"261",1,0,"3",1,"pollution","no_formal",0.582168229624673,1.70765022700796
"262",1,0,"3",1,"weather","formal",1.88793613589187,3.00023439477129
"263",1,0,"3",1,"weather","higher",3.13077802959794,3.89427376531153
"264",1,0,"3",1,"weather","no_formal",-0.00206944212532001,0.777230767823799
"265",1,0,"4",0,"corruption","formal",2.69947762547425,4.86019639692578
"266",1,0,"4",0,"corruption","higher",4.06475525370116,5.75423576746602
"267",1,0,"4",0,"corruption","no_formal",0.62328245860842,2.63719276997829
"268",1,0,"4",0,"iuu","formal",1.63155561797276,3.5887251205786
"269",1,0,"4",0,"iuu","higher",2.83571786629877,4.48276449111884
"270",1,0,"4",0,"iuu","no_formal",-0.199629328156926,1.36572149363111
"271",1,0,"4",0,"pollution","formal",1.16526931850698,3.09424955866515
"272",1,0,"4",0,"pollution","higher",2.29908383192979,3.98828892920539
"273",1,0,"4",0,"pollution","no_formal",-0.558936926597859,0.871245931717664
"274",1,0,"4",0,"weather","formal",0.531888346814036,2.16383009948099
"275",1,0,"4",0,"weather","higher",1.57014586716104,3.05786947002123
"276",1,0,"4",0,"weather","no_formal",-1.04700315564623,-0.0591735274665015
"277",1,0,"4",1,"corruption","formal",4.37123532484547,6.02713017528797
"278",1,0,"4",1,"corruption","higher",5.98872788538434,6.92116954582821
"279",1,0,"4",1,"corruption","no_formal",1.91149368167976,3.80412654834048
"280",1,0,"4",1,"iuu","formal",3.10603045613849,4.75565889894079
"281",1,0,"4",1,"iuu","higher",4.532643943447,5.64969826948103
"282",1,0,"4",1,"iuu","no_formal",0.936561063175386,2.5326552719933
"283",1,0,"4",1,"pollution","formal",2.55360463088961,4.26118333702734
"284",1,0,"4",1,"pollution","higher",3.89687467544027,5.15522270756759
"285",1,0,"4",1,"pollution","no_formal",0.510876678250633,2.03817971007986
"286",1,0,"4",1,"weather","formal",1.80321585389724,3.33076387784318
"287",1,0,"4",1,"weather","higher",3.03327615838332,4.22480324838342
"288",1,0,"4",1,"weather","no_formal",-0.0673525977694034,1.10776025089569
"289",1,1,"1",0,"corruption","formal",3.62331171154998,5.25619129573828
"290",1,1,"1",0,"corruption","higher",5.1279664466236,6.15023066627852
"291",1,1,"1",0,"corruption","no_formal",1.33516399406432,3.03318766879079
"292",1,1,"1",0,"iuu","formal",2.44636874254867,3.9847200193911
"293",1,1,"1",0,"iuu","higher",3.77346031079892,4.87875938993134
"294",1,1,"1",0,"iuu","no_formal",0.428243605928742,1.76171639244361
"295",1,1,"1",0,"pollution","formal",1.93248067034587,3.49024445747765
"296",1,1,"1",0,"pollution","higher",3.18204291398449,4.38428382801789
"297",1,1,"1",0,"pollution","no_formal",0.0322553701556245,1.26724083053016
"298",1,1,"1",0,"weather","formal",1.23443973093561,2.55982499829349
"299",1,1,"1",0,"weather","higher",2.37868985407341,3.45386436883373
"300",1,1,"1",0,"weather","no_formal",-0.505636079454435,0.336821371345998
"301",1,1,"1",1,"corruption","formal",5.46573415094897,6.42312507410047
"302",1,1,"1",1,"corruption","higher",7.24835168590551,7.31716444464071
"303",1,1,"1",1,"corruption","no_formal",2.75488484533657,4.20012144715298
"304",1,1,"1",1,"iuu","formal",4.07136830390108,5.15165379775329
"305",1,1,"1",1,"iuu","higher",5.64362049233427,6.04569316829353
"306",1,1,"1",1,"iuu","no_formal",1.68042427374174,2.9286501708058
"307",1,1,"1",1,"pollution","formal",3.46254697953998,4.65717823583984
"308",1,1,"1",1,"pollution","higher",4.94294744258763,5.55121760638009
"309",1,1,"1",1,"pollution","no_formal",1.21128304401562,2.43417460889236
"310",1,1,"1",1,"weather","formal",2.63555325818676,3.72675877665568
"311",1,1,"1",1,"weather","higher",3.99118673763866,4.62079814719592
"312",1,1,"1",1,"weather","no_formal",0.574024071822793,1.50375514970819
"313",1,1,"2",0,"corruption","formal",3.49783093819679,5.45511788742744
"314",1,1,"2",0,"corruption","higher",4.98355462556557,6.34915725796769
"315",1,1,"2",0,"corruption","no_formal",1.23847190730196,3.23211426047996
"316",1,1,"2",0,"iuu","formal",2.33569586031673,4.18364661108027
"317",1,1,"2",0,"iuu","higher",3.64609041947804,5.07768598162051
"318",1,1,"2",0,"iuu","no_formal",0.342962079165344,1.96064298413278
"319",1,1,"2",0,"pollution","formal",1.828273350866,3.68917104916682
"320",1,1,"2",0,"pollution","higher",3.06211403267845,4.58321041970706
"321",1,1,"2",0,"pollution","no_formal",-0.0480439689954046,1.46616742221933
"322",1,1,"2",0,"weather","formal",1.13901492216459,2.75875158998265
"323",1,1,"2",0,"weather","higher",2.26886848430906,3.6527909605229
"324",1,1,"2",0,"weather","no_formal",-0.57916785362512,0.535747963035167
"325",1,1,"2",1,"corruption","formal",5.31707265295531,6.62205166578964
"326",1,1,"2",1,"corruption","higher",7.0772619079835,7.51609103632988
"327",1,1,"2",1,"corruption","no_formal",2.64033031974589,4.39904803884215
"328",1,1,"2",1,"iuu","formal",3.94025023680432,5.35058038944246
"329",1,1,"2",1,"iuu","higher",5.49272088965366,6.2446197599827
"330",1,1,"2",1,"iuu","no_formal",1.57938824104095,3.12757676249497
"331",1,1,"2",1,"pollution","formal",3.3390888926809,4.85610482752901
"332",1,1,"2",1,"pollution","higher",4.80086346692168,5.75014419806926
"333",1,1,"2",1,"pollution","no_formal",1.11614958470474,2.63310120058153
"334",1,1,"2",1,"weather","formal",2.52250012153028,3.92568536834485
"335",1,1,"2",1,"weather","higher",3.86107748739574,4.81972473888509
"336",1,1,"2",1,"weather","no_formal",0.486908385441282,1.70268174139736
"337",1,1,"3",0,"corruption","formal",2.37666062489648,4.14126609033516
"338",1,1,"3",0,"corruption","higher",3.6932354608584,5.0353054608754
"339",1,1,"3",0,"corruption","no_formal",0.374528417697514,1.91826246338767
"340",1,1,"3",0,"iuu","formal",1.34683400738106,2.86979481398798
"341",1,1,"3",0,"iuu","higher",2.50804084310741,3.76383418452822
"342",1,1,"3",0,"iuu","no_formal",-0.419028092914004,0.646791187040493
"343",1,1,"3",0,"pollution","formal",0.897181280684204,2.37531925207453
"344",1,1,"3",0,"pollution","higher",1.99054985727145,3.26935862261478
"345",1,1,"3",0,"pollution","no_formal",-0.765518310505573,0.152315625127047
"346",1,1,"3",0,"weather","formal",0.286394557407247,1.44489979289037
"347",1,1,"3",0,"weather","higher",1.28761489257992,2.33893916343061
"348",1,1,"3",0,"weather","no_formal",-1.23617402342634,-0.778103834057118
"349",1,1,"3",1,"corruption","formal",3.98878263826029,5.30819986869735
"350",1,1,"3",1,"corruption","higher",5.54857528301837,6.2022392392376
"351",1,1,"3",1,"corruption","no_formal",1.61678599566873,3.08519624174987
"352",1,1,"3",1,"iuu","formal",2.76871072172314,4.03672859235017
"353",1,1,"3",1,"iuu","higher",4.14443341665482,4.93076796289042
"354",1,1,"3",1,"iuu","no_formal",0.676631608206677,1.81372496540269
"355",1,1,"3",1,"pollution","formal",2.23599127681234,3.54225303043673
"356",1,1,"3",1,"pollution","higher",3.53134359343502,4.43629240097697
"357",1,1,"3",1,"pollution","no_formal",0.26613242645292,1.31924940348924
"358",1,1,"3",1,"weather","formal",1.51237070283469,2.61183357125256
"359",1,1,"3",1,"weather","higher",2.69855174771509,3.50587294179281
"360",1,1,"3",1,"weather","no_formal",-0.291469997028625,0.388829944305075
"361",1,1,"4",0,"corruption","formal",2.28691422035815,4.47179557340705
"362",1,1,"4",0,"corruption","higher",3.58994918546774,5.3658349439473
"363",1,1,"4",0,"corruption","no_formal",0.305372268095178,2.24879194645957
"364",1,1,"4",0,"iuu","formal",1.26767850813773,3.20032429705987
"365",1,1,"4",0,"iuu","higher",2.4169433029264,4.09436366760012
"366",1,1,"4",0,"iuu","no_formal",-0.48002317762719,0.977320670112387
"367",1,1,"4",0,"pollution","formal",0.822650083593381,2.70584873514643
"368",1,1,"4",0,"pollution","higher",1.90477427899043,3.59988810568667
"369",1,1,"4",0,"pollution","no_formal",-0.822950033175342,0.48284510819894
"370",1,1,"4",0,"weather","formal",0.218144790832638,1.77542927596226
"371",1,1,"4",0,"weather","higher",1.2090684123946,2.66946864650251
"372",1,1,"4",0,"weather","no_formal",-1.28876544579962,-0.447574350985225
"373",1,1,"4",1,"corruption","formal",3.88245690737991,5.63872935176925
"374",1,1,"4",1,"corruption","higher",5.42620838957771,6.53276872230949
"375",1,1,"4",1,"corruption","no_formal",1.53485426604494,3.41572572482176
"376",1,1,"4",1,"iuu","formal",2.67493240989501,4.36725807542207
"377",1,1,"4",1,"iuu","higher",4.03650694772297,5.26129744596231
"378",1,1,"4",1,"iuu","no_formal",0.604368580004018,2.14425444847458
"379",1,1,"4",1,"pollution","formal",2.14769153884693,3.87278251350862
"380",1,1,"4",1,"pollution","higher",3.42972224047572,4.76682188404886
"381",1,1,"4",1,"pollution","no_formal",0.198091038945583,1.64977888656113
"382",1,1,"4",1,"weather","formal",1.43151279715267,2.94236305432446
"383",1,1,"4",1,"weather","higher",2.60549496224555,3.8364024248647
"384",1,1,"4",1,"weather","no_formal",-0.353776910053643,0.719359427376969
